insee,commune,zone,first_centre,first_centre_fire,nearest_centre,observed_vsav,plan_share_vsav_pct,observed_fpt,plan_share_fpt_pct
25001,COM001,Z2,CIS07,CIS07,CIS07,CIS07,53.5,CIS07,66.7
25002,COM002,Z3,CIS29,CIS19,CIS29,CIS29,74.6,CIS19,90.0
25003,COM003,Z1,CIS20,CIS20,CIS20,CIS20,48.1,CIS20,74.8
25004,COM004,Z2,CIS01,CIS01,CIS19,CIS01,73.1,CIS01,65.9
25005,COM005,Z4,CIS26,CIS23,CIS26,CIS26,96.9,CIS23,75.0
25006,COM006,Z3,CIS24,CIS22,CIS24,CIS24,65.9,CIS22,71.4
25007,COM007,Z2,CIS22,CIS22,CIS22,CIS22,63.6,CIS22,62.4
25008,COM008,Z3,CIS09,CIS22,CIS09,CIS09,71.3,CIS22,67.7
25009,COM009,Z4,CIS19,CIS19,CIS29,CIS19,55.3,CIS19,63.6
25010,COM010,Z3,CIS14,CIS30,CIS14,CIS14,74.4,CIS30,48.1
25011,COM011,Z4,CIS29,CIS03,CIS29,CIS29,66.7,CIS03,60.0
25012,COM012,Z3,CIS08,CIS07,CIS08,CIS08,74.2,CIS07,75.6
25013,COM013,Z3,CIS22,CIS22,CIS16,CIS22,61.4,CIS22,65.1
25014,COM014,Z4,CIS26,CIS27,CIS26,CIS26,87.8,CIS27,100.0
25015,COM015,Z3,CIS03,CIS03,CIS29,CIS03,71.6,CIS03,61.5
25016,COM016,Z3,CIS14,CIS30,CIS14,CIS14,69.3,CIS30,100.0
25017,COM017,Z3,CIS12,CIS03,CIS18,CIS12,84.0,CIS03,62.0
25018,COM018,Z3,CIS25,CIS03,CIS05,CIS25,67.0,CIS03,60.9
25019,COM019,Z3,CIS26,CIS19,CIS29,CIS26,92.4,CIS19,79.2
25020,COM020,Z3,CIS08,CIS07,CIS08,CIS08,71.4,CIS07,72.3
25021,COM021,Z2,CIS07,CIS07,CIS07,CIS07,55.4,CIS07,69.6
25022,COM022,Z4,CIS19,CIS19,CIS29,CIS19,61.0,CIS19,77.8
25023,COM023,Z4,CIS24,CIS22,CIS24,CIS24,75.0,CIS22,75.0
25024,COM024,Z3,CIS19,CIS19,CIS15,CIS19,65.0,CIS19,87.2
25025,COM025,Z3,CIS24,CIS30,CIS24,CIS24,61.5,CIS30,100.0
25026,COM026,Z3,CIS18,CIS30,CIS12,CIS18,69.1,CIS30,66.7
25027,COM027,Z4,CIS29,CIS03,CIS29,CIS29,75.0,CIS19,37.5
25028,COM028,Z3,CIS25,CIS03,CIS25,CIS25,67.8,CIS03,78.3
25029,COM029,Z4,CIS29,CIS15,CIS26,CIS29,70.0,CIS15,82.4
25030,COM030,Z3,CIS25,CIS03,CIS25,CIS25,70.6,CIS03,68.4
25031,COM031,Z3,CIS22,CIS22,CIS22,CIS22,65.8,CIS22,77.3
25032,COM032,Z3,CIS27,CIS27,CIS10,CIS27,74.1,CIS27,64.7
25033,COM033,Z3,CIS15,CIS15,CIS15,CIS15,57.5,CIS15,80.0
25034,COM034,Z3,CIS18,CIS03,CIS18,CIS18,70.2,CIS03,67.2
25035,COM035,Z3,CIS29,CIS19,CIS29,CIS29,72.5,CIS19,73.3
25036,COM036,Z3,CIS08,CIS07,CIS08,CIS08,77.1,CIS07,66.7
25037,COM037,Z2,CIS15,CIS15,CIS15,CIS15,61.1,CIS15,76.3
25038,COM038,Z3,CIS09,CIS22,CIS09,CIS09,73.2,CIS22,72.4
25039,COM039,Z3,CIS09,CIS22,CIS09,CIS09,66.0,CIS22,69.4
25040,COM040,Z3,CIS11,CIS03,CIS11,CIS11,77.6,CIS03,75.0
25041,COM041,Z4,CIS21,CIS22,CIS21,CIS21,83.3,CIS22,75.0
25042,COM042,Z3,CIS05,CIS03,CIS05,CIS05,77.2,CIS03,70.9
25043,COM043,Z2,CIS27,CIS27,CIS27,CIS27,69.8,CIS27,62.8
25044,COM044,Z4,CIS28,CIS07,CIS08,CIS28,72.0,CIS23,0.0
25045,COM045,Z3,CIS11,CIS03,CIS11,CIS11,76.5,CIS03,84.2
25046,COM046,Z3,CIS28,CIS07,CIS28,CIS28,65.4,CIS07,69.4
25047,COM047,Z3,CIS08,CIS07,CIS08,CIS08,78.3,CIS07,64.3
25048,COM048,Z3,CIS13,CIS13,CIS13,CIS13,53.6,CIS13,69.4
25049,COM049,Z3,CIS29,CIS19,CIS29,CIS29,70.3,CIS19,61.5
25050,COM050,Z3,CIS16,CIS22,CIS16,CIS16,69.8,CIS22,61.1
25051,COM051,Z1,CIS20,CIS20,CIS20,CIS20,50.4,CIS20,70.5
25052,COM052,Z3,CIS05,CIS03,CIS05,CIS05,79.4,CIS03,66.7
25053,COM053,Z3,CIS20,CIS20,CIS03,CIS20,51.6,CIS20,64.7
25054,COM054,Z3,CIS30,CIS30,CIS30,CIS30,69.1,CIS30,41.9
25055,COM055,Z3,CIS14,CIS30,CIS24,CIS14,73.2,CIS30,77.8
25056,COM056,Z4,CIS21,CIS22,CIS09,CIS21,86.3,CIS22,75.0
25057,COM057,Z3,CIS05,CIS03,CIS05,CIS05,73.6,CIS03,61.9
25058,COM058,Z3,CIS28,CIS07,CIS28,CIS28,67.1,CIS07,62.7
25059,COM059,Z3,CIS16,CIS07,CIS16,CIS16,67.5,CIS07,75.0
25060,COM060,Z3,CIS18,CIS20,CIS03,CIS18,64.0,CIS20,64.7
25061,COM061,Z3,CIS22,CIS22,CIS22,CIS22,65.2,CIS22,63.4
25062,COM062,Z3,CIS25,CIS30,CIS25,CIS25,71.5,CIS30,100.0
25063,COM063,Z3,CIS24,CIS30,CIS24,CIS24,62.1,CIS30,100.0
25064,COM064,Z3,CIS25,CIS03,CIS25,CIS25,69.7,CIS03,78.8
25065,COM065,Z4,CIS05,CIS03,CIS05,CIS05,84.8,CIS03,90.0
25066,COM066,Z3,CIS24,CIS30,CIS24,CIS24,65.5,CIS30,100.0
25067,COM067,Z2,CIS01,CIS01,CIS01,CIS01,72.4,CIS01,74.8
25068,COM068,Z1,CIS13,CIS13,CIS13,CIS13,58.9,CIS13,72.5
25069,COM069,Z4,CIS11,CIS03,CIS05,CIS11,78.3,CIS20,50.0
25070,COM070,Z3,CIS27,CIS27,CIS23,CIS27,70.8,CIS27,81.0
25071,COM071,Z4,CIS15,CIS15,CIS26,CIS15,52.3,CIS15,80.0
25072,COM072,Z4,CIS14,CIS30,CIS14,CIS14,81.8,CIS30,66.7
25073,COM073,Z2,CIS19,CIS19,CIS19,CIS19,62.4,CIS19,84.3
25074,COM074,Z3,CIS06,CIS06,CIS22,CIS06,67.9,CIS06,81.1
25075,COM075,Z2,CIS20,CIS20,CIS03,CIS20,48.9,CIS20,70.3
25076,COM076,Z3,CIS05,CIS03,CIS05,CIS05,76.6,CIS03,66.7
25077,COM077,Z4,CIS28,CIS07,CIS28,CIS28,58.1,CIS07,76.9
25078,COM078,Z2,CIS15,CIS15,CIS15,CIS15,54.0,CIS15,80.8
25079,COM079,Z3,CIS24,CIS30,CIS24,CIS24,72.7,CIS30,100.0
25080,COM080,Z2,CIS27,CIS27,CIS15,CIS27,69.0,CIS27,74.2
25081,COM081,Z3,CIS19,CIS19,CIS29,CIS19,65.2,CIS19,83.3
25082,COM082,Z1,CIS27,CIS27,CIS27,CIS27,71.0,CIS27,67.4
25083,COM083,Z3,CIS11,CIS03,CIS11,CIS11,75.9,CIS03,71.4
25084,COM084,Z3,CIS03,CIS03,CIS03,CIS03,71.6,CIS03,57.7
25085,COM085,Z4,CIS08,CIS07,CIS08,CIS08,66.7,CIS07,88.9
25086,COM086,Z3,CIS16,CIS22,CIS22,CIS16,67.7,CIS22,66.0
25087,COM087,Z3,CIS25,CIS30,CIS25,CIS25,72.8,CIS30,100.0
25088,COM088,Z3,CIS25,CIS03,CIS25,CIS25,67.1,CIS03,86.4
25089,COM089,Z4,CIS12,CIS03,CIS12,CIS12,77.3,CIS03,75.0
25090,COM090,Z4,CIS21,CIS22,CIS21,CIS21,86.2,CIS22,100.0
25091,COM091,Z1,CIS17,CIS17,CIS17,CIS17,77.1,CIS17,69.0
25092,COM092,Z2,CIS27,CIS27,CIS27,CIS27,69.9,CIS27,66.4
25093,COM093,Z4,CIS21,CIS22,CIS21,CIS21,86.7,CIS22,100.0
25094,COM094,Z3,CIS16,CIS22,CIS16,CIS16,76.4,CIS22,45.0
25095,COM095,Z3,CIS08,CIS22,CIS08,CIS08,77.1,CIS22,63.6
25096,COM096,Z4,CIS12,CIS03,CIS12,CIS12,78.9,CIS03,71.4
25097,COM097,Z4,CIS21,CIS22,CIS21,CIS21,80.4,CIS22,100.0
25098,COM098,Z3,CIS09,CIS22,CIS22,CIS09,72.7,CIS22,81.8
25099,COM099,Z3,CIS12,CIS03,CIS12,CIS12,74.5,CIS03,73.6
25100,COM100,Z2,CIS18,CIS30,CIS18,CIS18,64.5,CIS30,64.3
25101,COM101,Z4,CIS24,CIS22,CIS24,CIS24,72.6,CIS22,72.2
25102,COM102,Z2,CIS30,CIS30,CIS30,CIS30,68.1,CIS30,64.5
25103,COM103,Z3,CIS23,CIS23,CIS07,CIS23,67.8,CIS23,91.1
25104,COM104,Z4,CIS14,CIS30,CIS14,CIS14,73.3,CIS30,93.8
25105,COM105,Z3,CIS28,CIS07,CIS08,CIS28,66.4,CIS07,71.2
25106,COM106,Z2,CIS07,CIS07,CIS07,CIS07,55.6,CIS07,65.5
25107,COM107,Z3,CIS28,CIS22,CIS16,CIS28,75.4,CIS22,60.9
25108,COM108,Z3,CIS22,CIS22,CIS22,CIS22,63.7,CIS22,66.7
25109,COM109,Z3,CIS30,CIS30,CIS30,CIS30,71.6,CIS30,55.1
25110,COM110,Z3,CIS19,CIS19,CIS15,CIS19,60.4,CIS19,81.5
25111,COM111,Z2,CIS17,CIS17,CIS17,CIS17,73.6,CIS17,73.8
25112,COM112,Z3,CIS01,CIS01,CIS19,CIS01,75.0,CIS01,67.9
25113,COM113,Z3,CIS23,CIS23,CIS07,CIS23,64.0,CIS23,88.4
25114,COM114,Z3,CIS21,CIS22,CIS09,CIS21,81.0,CIS22,80.6
25115,COM115,Z3,CIS29,CIS03,CIS29,CIS29,75.7,CIS03,61.0
25116,COM116,Z2,CIS06,CIS06,CIS06,CIS06,65.1,CIS06,83.3
25117,COM117,Z3,CIS29,CIS15,CIS26,CIS29,66.2,CIS15,77.8
25118,COM118,Z1,CIS01,CIS01,CIS01,CIS01,72.2,CIS01,68.5
25119,COM119,Z3,CIS09,CIS22,CIS09,CIS09,73.6,CIS22,76.4
25120,COM120,Z2,CIS07,CIS07,CIS23,CIS07,54.1,CIS07,65.9
