VSAV,FPT,vehicles,p90,inc,pareto
0,0,0,25.59,292.34,True
0,1,1,25.59,119.2,True
0,2,2,25.59,57.3,True
0,3,3,25.59,36.5,True
0,4,4,25.59,18.9,True
0,5,5,25.59,16.7,True
0,6,6,25.59,11.9,True
0,7,7,25.59,7.4,True
0,8,8,25.59,4.9,True
0,9,9,25.59,2.9,True
0,10,10,25.59,2.8,True
0,11,11,25.59,0.9,True
0,12,12,25.59,0.0,True
1,0,1,24.89,292.34,True
1,1,2,24.89,119.2,True
1,2,3,24.89,57.3,True
1,3,4,24.89,36.5,True
1,4,5,24.89,18.9,True
1,5,6,24.89,16.7,True
1,6,7,24.89,11.9,True
1,7,8,24.89,7.4,True
1,8,9,24.89,4.9,True
1,9,10,24.89,2.9,True
1,10,11,24.89,2.8,True
1,11,12,24.89,0.9,True
2,0,2,24.3,292.34,True
2,1,3,24.3,119.2,True
2,2,4,24.3,57.3,True
2,3,5,24.3,36.5,True
2,4,6,24.3,18.9,True
2,5,7,24.3,16.7,True
2,6,8,24.3,11.9,True
2,7,9,24.3,7.4,True
2,8,10,24.3,4.9,True
2,9,11,24.3,2.9,True
2,10,12,24.3,2.8,True
3,0,3,23.87,292.34,True
3,1,4,23.87,119.2,True
3,2,5,23.87,57.3,True
3,3,6,23.87,36.5,True
3,4,7,23.87,18.9,True
3,5,8,23.87,16.7,True
3,6,9,23.87,11.9,True
3,7,10,23.87,7.4,True
3,8,11,23.87,4.9,True
3,9,12,23.87,2.9,True
4,0,4,23.24,292.34,True
4,1,5,23.24,119.2,True
4,2,6,23.24,57.3,True
4,3,7,23.24,36.5,True
4,4,8,23.24,18.9,True
4,5,9,23.24,16.7,True
4,6,10,23.24,11.9,True
4,7,11,23.24,7.4,True
4,8,12,23.24,4.9,True
5,0,5,22.86,292.34,True
5,1,6,22.86,119.2,True
5,2,7,22.86,57.3,True
5,3,8,22.86,36.5,True
5,4,9,22.86,18.9,True
5,5,10,22.86,16.7,True
5,6,11,22.86,11.9,True
5,7,12,22.86,7.4,True
6,0,6,22.64,292.34,True
6,1,7,22.64,119.2,True
6,2,8,22.64,57.3,True
6,3,9,22.64,36.5,True
6,4,10,22.64,18.9,True
6,5,11,22.64,16.7,True
6,6,12,22.64,11.9,True
7,0,7,22.14,292.34,True
7,1,8,22.14,119.2,True
7,2,9,22.14,57.3,True
7,3,10,22.14,36.5,True
7,4,11,22.14,18.9,True
7,5,12,22.14,16.7,True
8,0,8,21.94,292.34,True
8,1,9,21.94,119.2,True
8,2,10,21.94,57.3,True
8,3,11,21.94,36.5,True
8,4,12,21.94,18.9,True
9,0,9,21.79,292.34,True
9,1,10,21.79,119.2,True
9,2,11,21.79,57.3,True
9,3,12,21.79,36.5,True
10,0,10,21.72,292.34,True
10,1,11,21.72,119.2,True
10,2,12,21.72,57.3,True
11,0,11,21.63,292.34,True
11,1,12,21.63,119.2,True
12,0,12,21.67,292.34,False
