added,VSAV centre,VSAV mean,VSAV hw,VSAV greedy said,FPT centre,FPT mean,FPT hw,FPT greedy said
0,(none),25.59,0.06,25.59,(none),292.3,4.8,292.3
1,CIS10,24.89,0.21,24.79,CIS14,119.2,6.7,130.0
2,CIS08,24.3,0.13,24.11,CIS14,57.3,5.5,54.7
3,CIS23,23.87,0.1,23.78,CIS18,36.5,4.1,32.0
4,CIS22,23.24,0.12,23.23,CIS22,18.9,2.5,14.3
5,CIS09,22.86,0.13,22.66,CIS24,16.7,2.4,9.0
6,CIS19,22.64,0.09,22.52,CIS20,11.9,3.2,11.3
7,CIS05,22.14,0.17,21.75,CIS22,7.4,2.5,6.3
8,CIS17,21.94,0.07,21.66,CIS10,4.9,1.9,5.3
9,CIS01,21.79,0.11,21.67,CIS25,2.9,1.5,2.3
10,CIS02,21.72,0.14,21.66,CIS16,2.8,1.6,1.3
11,CIS11,21.63,0.14,21.44,CIS01,0.9,0.5,0.3
12,CIS11,21.67,0.16,21.42,CIS15,0.0,0.0,0.0
