tag,config,n,vehicles,p90,p90_sd,inc,inc_sd,when
A_noise,{},30,0,25.579853482229648,0.19663448770642108,298.1666666666667,14.422404346239805,2026-10-08 15:37:15
A_noise,"{""CIS01"": {""VSAV"": 1}, ""CIS05"": {""VSAV"": 1}, ""CIS07"": {""VSAV"": 1}, ""CIS08"": {""VSAV"": 1}, ""CIS09"": {""VSAV"": 1}, ""CIS17"": {""VSAV"": 1}, ""CIS19"": {""VSAV"": 1}, ""CIS22"": {""VSAV"": 1}, ""CIS25"": {""VSAV"": 1}, ""CIS27"": {""VSAV"": 1}, ""CIS28"": {""VSAV"": 1}, ""CIS29"": {""VSAV"": 1}}",10,12,21.54179059403076,0.2054636362079413,302.4,19.426213675798426,2026-10-08 15:37:22
A_noise,"{""CIS05"": {""FPT"": 1}, ""CIS08"": {""FPT"": 1}, ""CIS09"": {""FPT"": 1}, ""CIS11"": {""FPT"": 1}, ""CIS12"": {""FPT"": 1}, ""CIS14"": {""FPT"": 1}, ""CIS16"": {""FPT"": 1}, ""CIS21"": {""FPT"": 1}, ""CIS22"": {""FPT"": 1}, ""CIS24"": {""FPT"": 1}, ""CIS25"": {""FPT"": 1}, ""CIS28"": {""FPT"": 1}}",10,12,25.5953954750624,0.2865987348181563,3.4,2.913569784454954,2026-10-08 15:37:33
B_screen,"{""CIS01"": {""VSAV"": 1}}",3,1,25.119976083514363,0.18278310305683754,272.3333333333333,30.02221399786054,2026-10-08 15:38:13
B_screen,"{""CIS02"": {""VSAV"": 1}}",3,1,25.01579493284565,0.40111655465815554,249.33333333333334,6.027713773341707,2026-10-08 15:38:15
B_screen,"{""CIS03"": {""VSAV"": 1}}",3,1,25.359546159384873,0.1514316690137918,274.0,14.730919862656235,2026-10-08 15:38:17
B_screen,"{""CIS04"": {""VSAV"": 1}}",3,1,25.144488271394223,0.09733770860582816,292.6666666666667,10.969655114602888,2026-10-08 15:38:19
B_screen,"{""CIS05"": {""VSAV"": 1}}",3,1,25.17744106331908,0.05479819029454456,284.3333333333333,12.662279942148386,2026-10-08 15:38:22
B_screen,"{""CIS06"": {""VSAV"": 1}}",3,1,25.001591459234138,0.30500093485540436,278.3333333333333,8.326663997864532,2026-10-08 15:38:25
B_screen,"{""CIS07"": {""VSAV"": 1}}",3,1,24.90383758551955,0.22257200540835845,296.6666666666667,22.052966542697455,2026-10-08 15:38:28
B_screen,"{""CIS08"": {""VSAV"": 1}}",3,1,24.75152167026712,0.1433374068339814,275.3333333333333,17.61628034896508,2026-10-08 15:38:32
B_screen,"{""CIS09"": {""VSAV"": 1}}",3,1,25.185561293010448,0.022562155904367696,286.3333333333333,15.947831618540913,2026-10-08 15:38:35
B_screen,"{""CIS10"": {""VSAV"": 1}}",3,1,24.748792776175836,0.07647244246840217,288.6666666666667,17.67295485574875,2026-10-08 15:38:38
B_screen,"{""CIS11"": {""VSAV"": 1}}",3,1,25.505866969116568,0.14886832331489822,288.0,27.49545416973504,2026-10-08 15:38:41
B_screen,"{""CIS12"": {""VSAV"": 1}}",3,1,25.350212366617058,0.1961914733536312,305.3333333333333,2.0816659994661326,2026-10-08 15:38:44
B_screen,"{""CIS13"": {""VSAV"": 1}}",3,1,25.392891747415707,0.28440509476908404,293.3333333333333,22.479620400116488,2026-10-08 15:38:48
B_screen,"{""CIS14"": {""VSAV"": 1}}",3,1,25.271486331190676,0.030864893042381686,282.3333333333333,24.337899115029078,2026-10-08 15:38:51
B_screen,"{""CIS15"": {""VSAV"": 1}}",3,1,24.96737072188856,0.06665582766201911,280.0,11.135528725660043,2026-10-08 15:38:54
B_screen,"{""CIS16"": {""VSAV"": 1}}",3,1,24.88053519060129,0.1993542113383231,297.3333333333333,13.279056191361391,2026-10-08 15:38:57
B_screen,"{""CIS17"": {""VSAV"": 1}}",3,1,25.351995539808684,0.24579883376418804,286.0,2.6457513110645907,2026-10-08 15:39:00
B_screen,"{""CIS18"": {""VSAV"": 1}}",3,1,25.59834475578683,0.11698405493672416,293.3333333333333,30.088757590391353,2026-10-08 15:39:03
B_screen,"{""CIS19"": {""VSAV"": 1}}",3,1,25.271783600386943,0.027295494381359885,300.0,9.16515138991168,2026-10-08 15:39:06
B_screen,"{""CIS20"": {""VSAV"": 1}}",3,1,25.26282622944103,0.20670287368369558,292.3333333333333,26.764404221527766,2026-10-08 15:39:09
B_screen,"{""CIS21"": {""VSAV"": 1}}",3,1,25.53336295698536,0.29985281647612533,289.0,18.520259177452136,2026-10-08 15:39:12
B_screen,"{""CIS22"": {""VSAV"": 1}}",3,1,24.879459168319105,0.2524785540517279,280.3333333333333,3.5118845842842465,2026-10-08 15:39:15
B_screen,"{""CIS23"": {""VSAV"": 1}}",3,1,24.942571159028258,0.10978721348910296,276.3333333333333,17.009801096230763,2026-10-08 15:39:18
B_screen,"{""CIS24"": {""VSAV"": 1}}",3,1,25.287102080015767,0.08467895850254342,273.0,31.04834939252005,2026-10-08 15:39:21
B_screen,"{""CIS25"": {""VSAV"": 1}}",3,1,25.37323237649738,0.2794321882809769,292.3333333333333,9.29157324317757,2026-10-08 15:39:24
B_screen,"{""CIS26"": {""VSAV"": 1}}",3,1,25.638444853681488,0.13771738060980154,289.0,8.0,2026-10-08 15:39:27
B_screen,"{""CIS27"": {""VSAV"": 1}}",3,1,24.860296080923096,0.21511060723227934,295.6666666666667,4.163331998932266,2026-10-08 15:39:30
B_screen,"{""CIS28"": {""VSAV"": 1}}",3,1,25.27746589210123,0.274588552985962,299.0,17.776388834631177,2026-10-08 15:39:33
B_screen,"{""CIS29"": {""VSAV"": 1}}",3,1,25.60550566962557,0.18328615961595388,302.6666666666667,23.544284515213736,2026-10-08 15:39:36
B_screen,"{""CIS30"": {""VSAV"": 1}}",3,1,25.306873871959407,0.2963656758007636,278.6666666666667,24.5017006212494,2026-10-08 15:39:38
B_screen,"{""CIS01"": {""FPT"": 1}}",3,1,25.631429891051813,0.28732548861624985,289.6666666666667,5.8594652770823155,2026-10-08 15:39:40
B_screen,"{""CIS02"": {""FPT"": 1}}",3,1,25.585482213020935,0.22507529388909425,263.3333333333333,28.5014619508076,2026-10-08 15:39:43
B_screen,"{""CIS03"": {""FPT"": 1}}",3,1,25.788524185959744,0.13242934393032266,226.0,4.58257569495584,2026-10-08 15:39:46
B_screen,"{""CIS04"": {""FPT"": 1}}",3,1,25.622907821297844,0.27401960407235443,292.3333333333333,6.658328118479393,2026-10-08 15:39:49
B_screen,"{""CIS05"": {""FPT"": 1}}",3,1,25.648426733429854,0.17050214944075937,194.33333333333334,12.096831541082702,2026-10-08 15:39:52
B_screen,"{""CIS06"": {""FPT"": 1}}",3,1,25.60454223326524,0.04854989851150109,285.3333333333333,11.50362261782493,2026-10-08 15:39:55
B_screen,"{""CIS07"": {""FPT"": 1}}",3,1,25.769098503044606,0.37780140158778225,263.3333333333333,19.55334583474995,2026-10-08 15:39:58
B_screen,"{""CIS08"": {""FPT"": 1}}",3,1,25.739377898580276,0.217770927487511,257.3333333333333,21.385353243127252,2026-10-08 15:40:01
B_screen,"{""CIS09"": {""FPT"": 1}}",3,1,25.589268861507296,0.24708071309485913,152.0,4.58257569495584,2026-10-08 15:40:05
B_screen,"{""CIS10"": {""FPT"": 1}}",3,1,25.5575976412878,0.06409936894192673,280.6666666666667,26.350205565295564,2026-10-08 15:40:08
B_screen,"{""CIS11"": {""FPT"": 1}}",3,1,25.471301324092323,0.30915461295962676,151.66666666666666,20.5993527406405,2026-10-08 15:40:11
B_screen,"{""CIS12"": {""FPT"": 1}}",3,1,25.640985282719583,0.22261429471271665,143.66666666666666,2.5166114784235836,2026-10-08 15:40:14
B_screen,"{""CIS13"": {""FPT"": 1}}",3,1,25.57419735712756,0.3561031598026779,262.6666666666667,9.71253485622231,2026-10-08 15:40:17
B_screen,"{""CIS14"": {""FPT"": 1}}",3,1,25.608349326165747,0.2811326705009503,118.33333333333333,11.06044001535804,2026-10-08 15:40:19
B_screen,"{""CIS15"": {""FPT"": 1}}",3,1,25.707879682142337,0.020944184994345277,281.6666666666667,22.941955743426348,2026-10-08 15:40:23
B_screen,"{""CIS16"": {""FPT"": 1}}",3,1,25.51889922603635,0.34262703951240975,240.33333333333334,6.6583281184793925,2026-10-08 15:40:26
B_screen,"{""CIS17"": {""FPT"": 1}}",3,1,25.52340241412749,0.24231568924042288,278.0,5.291502622129181,2026-10-08 15:40:29
B_screen,"{""CIS18"": {""FPT"": 1}}",3,1,25.45244676469787,0.16374965807704964,167.0,15.394804318340652,2026-10-08 15:40:32
B_screen,"{""CIS19"": {""FPT"": 1}}",3,1,25.781048612353345,0.27393897393185884,282.3333333333333,20.033305601755625,2026-10-08 15:40:35
B_screen,"{""CIS20"": {""FPT"": 1}}",3,1,25.778754454702,0.04125755983188819,260.0,10.0,2026-10-08 15:40:38
B_screen,"{""CIS21"": {""FPT"": 1}}",3,1,25.613122477607494,0.48560598166233926,237.33333333333334,17.214335111567145,2026-10-08 15:40:41
B_screen,"{""CIS22"": {""FPT"": 1}}",3,1,25.514097384161868,0.19536341991010123,230.66666666666666,12.503332889007368,2026-10-08 15:40:44
B_screen,"{""CIS23"": {""FPT"": 1}}",3,1,25.490339432673263,0.23041025470183654,296.3333333333333,10.598742063723096,2026-10-08 15:40:47
B_screen,"{""CIS24"": {""FPT"": 1}}",3,1,25.443261155677707,0.21385510055764909,144.33333333333334,10.408329997330663,2026-10-08 15:40:50
B_screen,"{""CIS25"": {""FPT"": 1}}",3,1,25.410502998088997,0.21268591015372587,140.33333333333334,20.5993527406405,2026-10-08 15:40:53
B_screen,"{""CIS26"": {""FPT"": 1}}",3,1,25.55113252544641,0.2936882071120255,295.0,10.0,2026-10-08 15:40:57
B_screen,"{""CIS27"": {""FPT"": 1}}",3,1,25.50976788735716,0.270512018445495,277.3333333333333,21.82506204649447,2026-10-08 15:41:00
B_screen,"{""CIS28"": {""FPT"": 1}}",3,1,25.49840286530477,0.3500560848654567,228.66666666666666,15.307950004273378,2026-10-08 15:41:02
B_screen,"{""CIS29"": {""FPT"": 1}}",3,1,25.549015565202964,0.21279515960705706,281.0,11.789826122551595,2026-10-08 15:41:05
B_screen,"{""CIS30"": {""FPT"": 1}}",3,1,25.646194848891174,0.11549579973131122,152.33333333333334,9.018499505645789,2026-10-08 15:41:07
A_recheck,{},20,0,25.60577779319229,0.2187096936988282,283.6,16.54467635795496,2026-10-08 15:42:09
A_recheck,"{""CIS02"": {""VSAV"": 1}}",10,1,25.255424835453024,0.2220107182143579,286.5,17.519830034690532,2026-10-08 15:42:19
A_recheck,"{""CIS01"": {""VSAV"": 1}, ""CIS02"": {""VSAV"": 1}, ""CIS03"": {""VSAV"": 1}, ""CIS08"": {""VSAV"": 1}, ""CIS23"": {""VSAV"": 1}, ""CIS24"": {""VSAV"": 1}}",10,6,23.28126258187833,0.14463641535071525,281.7,27.17862722393789,2026-10-08 15:42:27
C_greedy,"{""CIS10"": {""VSAV"": 1}}",3,1,24.79086234256053,0.3505492918426485,281.0,4.358898943540674,2026-10-08 15:46:59
C_greedy,"{""CIS08"": {""VSAV"": 1}}",3,1,24.933472260379755,0.08117180472184524,287.6666666666667,2.516611478423583,2026-10-08 15:47:00
C_greedy,"{""CIS27"": {""VSAV"": 1}}",3,1,25.001043765294664,0.21425127887108097,312.6666666666667,12.096831541082702,2026-10-08 15:47:03
C_greedy,"{""CIS22"": {""VSAV"": 1}}",3,1,24.94146127647546,0.34758869463989017,290.0,18.520259177452136,2026-10-08 15:47:08
C_greedy,"{""CIS16"": {""VSAV"": 1}}",3,1,24.802259179378357,0.2630066953139204,287.6666666666667,23.245071162148186,2026-10-08 15:47:13
C_greedy,"{""CIS10"": {""VSAV"": 2}}",3,2,24.762594089410655,0.30290528237477704,308.3333333333333,30.550504633038937,2026-10-08 15:47:17
C_greedy,"{""CIS10"": {""VSAV"": 1}, ""CIS16"": {""VSAV"": 1}}",3,2,24.411171528608293,0.39103619683171015,303.0,19.0,2026-10-08 15:47:21
C_greedy,"{""CIS07"": {""VSAV"": 1}, ""CIS10"": {""VSAV"": 1}}",3,2,24.590479486953722,0.20379711936088352,301.6666666666667,28.148416178061126,2026-10-08 15:47:24
C_greedy,"{""CIS08"": {""VSAV"": 1}, ""CIS10"": {""VSAV"": 1}}",3,2,24.111718546485402,0.07725704875797346,284.0,16.09347693943108,2026-10-08 15:47:27
C_greedy,"{""CIS10"": {""VSAV"": 1}, ""CIS22"": {""VSAV"": 1}}",3,2,24.35283701667741,0.23054341216313,287.3333333333333,19.60442127004348,2026-10-08 15:47:30
C_greedy,"{""CIS08"": {""VSAV"": 2}, ""CIS10"": {""VSAV"": 1}}",3,3,24.109371347038536,0.3621121092479865,294.3333333333333,4.509249752822894,2026-10-08 15:47:36
C_greedy,"{""CIS08"": {""VSAV"": 1}, ""CIS10"": {""VSAV"": 1}, ""CIS23"": {""VSAV"": 1}}",3,3,23.783106760246056,0.13004601003852456,273.0,21.0,2026-10-08 15:47:38
C_greedy,"{""CIS08"": {""VSAV"": 1}, ""CIS10"": {""VSAV"": 1}, ""CIS15"": {""VSAV"": 1}}",3,3,23.85860896668795,0.13003279711740598,278.0,13.114877048604,2026-10-08 15:47:40
C_greedy,"{""CIS08"": {""VSAV"": 1}, ""CIS10"": {""VSAV"": 1}, ""CIS27"": {""VSAV"": 1}}",3,3,23.999055433032737,0.07235096471883444,288.0,15.716233645501712,2026-10-08 15:47:42
C_greedy,"{""CIS06"": {""VSAV"": 1}, ""CIS08"": {""VSAV"": 1}, ""CIS10"": {""VSAV"": 1}}",3,3,24.00027397864555,0.18474975583898198,263.6666666666667,15.17673658377628,2026-10-08 15:47:44
C_greedy,"{""CIS02"": {""VSAV"": 1}, ""CIS08"": {""VSAV"": 1}, ""CIS10"": {""VSAV"": 1}, ""CIS23"": {""VSAV"": 1}}",3,4,23.610440939757495,0.10685189050756769,302.0,12.165525060596439,2026-10-08 15:47:46
C_greedy,"{""CIS01"": {""VSAV"": 1}, ""CIS08"": {""VSAV"": 1}, ""CIS10"": {""VSAV"": 1}, ""CIS23"": {""VSAV"": 1}}",3,4,23.571734615091327,0.06658973445970257,289.3333333333333,35.837596645608556,2026-10-08 15:47:48
C_greedy,"{""CIS04"": {""VSAV"": 1}, ""CIS08"": {""VSAV"": 1}, ""CIS10"": {""VSAV"": 1}, ""CIS23"": {""VSAV"": 1}}",3,4,23.584195824051495,0.2646671754115987,261.6666666666667,22.501851775650227,2026-10-08 15:47:50
C_greedy,"{""CIS08"": {""VSAV"": 1}, ""CIS10"": {""VSAV"": 1}, ""CIS22"": {""VSAV"": 1}, ""CIS23"": {""VSAV"": 1}}",3,4,23.225801174914043,0.3004475248530816,303.0,14.933184523068078,2026-10-08 15:47:51
C_greedy,"{""CIS05"": {""VSAV"": 1}, ""CIS08"": {""VSAV"": 1}, ""CIS10"": {""VSAV"": 1}, ""CIS23"": {""VSAV"": 1}}",3,4,23.39518139103384,0.1487754179157052,275.3333333333333,22.18858565419016,2026-10-08 15:47:53
C_greedy,"{""CIS08"": {""VSAV"": 1}, ""CIS10"": {""VSAV"": 1}, ""CIS22"": {""VSAV"": 2}, ""CIS23"": {""VSAV"": 1}}",3,5,22.91361007889888,0.13518049424791928,279.3333333333333,22.27853974867593,2026-10-08 15:47:56
C_greedy,"{""CIS08"": {""VSAV"": 1}, ""CIS09"": {""VSAV"": 1}, ""CIS10"": {""VSAV"": 1}, ""CIS22"": {""VSAV"": 1}, ""CIS23"": {""VSAV"": 1}}",3,5,22.65687043031018,0.17865305814354285,295.3333333333333,4.509249752822894,2026-10-08 15:47:59
C_greedy,"{""CIS05"": {""VSAV"": 1}, ""CIS08"": {""VSAV"": 1}, ""CIS10"": {""VSAV"": 1}, ""CIS22"": {""VSAV"": 1}, ""CIS23"": {""VSAV"": 1}}",3,5,22.94368251079383,0.12913888297869738,290.0,20.663978319771825,2026-10-08 15:48:02
C_greedy,"{""CIS08"": {""VSAV"": 1}, ""CIS10"": {""VSAV"": 1}, ""CIS16"": {""VSAV"": 1}, ""CIS22"": {""VSAV"": 1}, ""CIS23"": {""VSAV"": 1}}",3,5,22.97125621119049,0.17083280664843864,274.3333333333333,6.429100507328637,2026-10-08 15:48:04
C_greedy,"{""CIS08"": {""VSAV"": 1}, ""CIS10"": {""VSAV"": 1}, ""CIS22"": {""VSAV"": 1}, ""CIS23"": {""VSAV"": 2}}",3,5,23.00974183658545,0.192474555154369,280.6666666666667,12.013880860626733,2026-10-08 15:48:07
C_greedy,"{""CIS08"": {""VSAV"": 1}, ""CIS09"": {""VSAV"": 2}, ""CIS10"": {""VSAV"": 1}, ""CIS22"": {""VSAV"": 1}, ""CIS23"": {""VSAV"": 1}}",3,6,22.899391297425126,0.39945852407294924,282.6666666666667,29.53528962670475,2026-10-08 15:48:10
C_greedy,"{""CIS08"": {""VSAV"": 1}, ""CIS09"": {""VSAV"": 1}, ""CIS10"": {""VSAV"": 1}, ""CIS20"": {""VSAV"": 1}, ""CIS22"": {""VSAV"": 1}, ""CIS23"": {""VSAV"": 1}}",3,6,22.60068668395931,0.0998264558360302,291.3333333333333,6.3508529610858835,2026-10-08 15:48:13
C_greedy,"{""CIS08"": {""VSAV"": 1}, ""CIS09"": {""VSAV"": 1}, ""CIS10"": {""VSAV"": 1}, ""CIS14"": {""VSAV"": 1}, ""CIS22"": {""VSAV"": 1}, ""CIS23"": {""VSAV"": 1}}",3,6,22.959837472929337,0.31094319812393,286.6666666666667,3.5118845842842465,2026-10-08 15:48:15
C_greedy,"{""CIS08"": {""VSAV"": 1}, ""CIS09"": {""VSAV"": 1}, ""CIS10"": {""VSAV"": 1}, ""CIS19"": {""VSAV"": 1}, ""CIS22"": {""VSAV"": 1}, ""CIS23"": {""VSAV"": 1}}",3,6,22.51710585307204,0.14961649360598134,295.3333333333333,15.044378795195676,2026-10-08 15:48:18
C_greedy,"{""CIS08"": {""VSAV"": 1}, ""CIS09"": {""VSAV"": 1}, ""CIS10"": {""VSAV"": 1}, ""CIS22"": {""VSAV"": 1}, ""CIS23"": {""VSAV"": 1}, ""CIS28"": {""VSAV"": 1}}",3,6,22.843095741280322,0.20280248544787635,280.0,20.8806130178211,2026-10-08 15:48:21
C_greedy,"{""CIS08"": {""VSAV"": 1}, ""CIS09"": {""VSAV"": 1}, ""CIS10"": {""VSAV"": 1}, ""CIS19"": {""VSAV"": 1}, ""CIS22"": {""VSAV"": 2}, ""CIS23"": {""VSAV"": 1}}",3,7,22.377040249976563,0.2803714854457881,289.3333333333333,16.072751268321593,2026-10-08 15:48:23
C_greedy,"{""CIS08"": {""VSAV"": 1}, ""CIS09"": {""VSAV"": 1}, ""CIS10"": {""VSAV"": 1}, ""CIS19"": {""VSAV"": 1}, ""CIS22"": {""VSAV"": 1}, ""CIS23"": {""VSAV"": 1}, ""CIS24"": {""VSAV"": 1}}",3,7,22.083229701966058,0.17603304088132443,289.0,8.888194417315589,2026-10-08 15:48:26
C_greedy,"{""CIS08"": {""VSAV"": 1}, ""CIS09"": {""VSAV"": 1}, ""CIS10"": {""VSAV"": 1}, ""CIS19"": {""VSAV"": 1}, ""CIS22"": {""VSAV"": 1}, ""CIS23"": {""VSAV"": 1}, ""CIS30"": {""VSAV"": 1}}",3,7,22.511287593399185,0.16046035920203935,293.6666666666667,13.868429375143146,2026-10-08 15:48:29
C_greedy,"{""CIS05"": {""VSAV"": 1}, ""CIS08"": {""VSAV"": 1}, ""CIS09"": {""VSAV"": 1}, ""CIS10"": {""VSAV"": 1}, ""CIS19"": {""VSAV"": 1}, ""CIS22"": {""VSAV"": 1}, ""CIS23"": {""VSAV"": 1}}",3,7,21.754486564297988,0.2416755696753411,282.0,5.5677643628300215,2026-10-08 15:48:31
C_greedy,"{""CIS08"": {""VSAV"": 1}, ""CIS09"": {""VSAV"": 1}, ""CIS10"": {""VSAV"": 1}, ""CIS16"": {""VSAV"": 1}, ""CIS19"": {""VSAV"": 1}, ""CIS22"": {""VSAV"": 1}, ""CIS23"": {""VSAV"": 1}}",3,7,22.52170714353755,0.22966999012114803,312.6666666666667,14.433756729740644,2026-10-08 15:48:34
C_greedy,"{""CIS05"": {""VSAV"": 2}, ""CIS08"": {""VSAV"": 1}, ""CIS09"": {""VSAV"": 1}, ""CIS10"": {""VSAV"": 1}, ""CIS19"": {""VSAV"": 1}, ""CIS22"": {""VSAV"": 1}, ""CIS23"": {""VSAV"": 1}}",3,8,21.977995523888477,0.19015695058572615,289.3333333333333,23.028967265887832,2026-10-08 15:48:38
C_greedy,"{""CIS05"": {""VSAV"": 1}, ""CIS08"": {""VSAV"": 1}, ""CIS09"": {""VSAV"": 1}, ""CIS10"": {""VSAV"": 1}, ""CIS19"": {""VSAV"": 1}, ""CIS22"": {""VSAV"": 1}, ""CIS23"": {""VSAV"": 1}, ""CIS24"": {""VSAV"": 1}}",3,8,21.935582781516626,0.26884002712264016,278.6666666666667,12.583057392117915,2026-10-08 15:48:41
C_greedy,"{""CIS05"": {""VSAV"": 1}, ""CIS08"": {""VSAV"": 1}, ""CIS09"": {""VSAV"": 1}, ""CIS10"": {""VSAV"": 1}, ""CIS15"": {""VSAV"": 1}, ""CIS19"": {""VSAV"": 1}, ""CIS22"": {""VSAV"": 1}, ""CIS23"": {""VSAV"": 1}}",3,8,22.04705678321268,0.23161237243135188,295.3333333333333,6.027713773341708,2026-10-08 15:48:44
C_greedy,"{""CIS05"": {""VSAV"": 1}, ""CIS08"": {""VSAV"": 1}, ""CIS09"": {""VSAV"": 1}, ""CIS10"": {""VSAV"": 1}, ""CIS12"": {""VSAV"": 1}, ""CIS19"": {""VSAV"": 1}, ""CIS22"": {""VSAV"": 1}, ""CIS23"": {""VSAV"": 1}}",3,8,21.876706799941896,0.3131094591609301,274.0,14.798648586948742,2026-10-08 15:48:47
C_greedy,"{""CIS05"": {""VSAV"": 1}, ""CIS08"": {""VSAV"": 1}, ""CIS09"": {""VSAV"": 1}, ""CIS10"": {""VSAV"": 1}, ""CIS17"": {""VSAV"": 1}, ""CIS19"": {""VSAV"": 1}, ""CIS22"": {""VSAV"": 1}, ""CIS23"": {""VSAV"": 1}}",3,8,21.663591606724854,0.06692680930630661,273.3333333333333,27.02468007827906,2026-10-08 15:48:50
C_greedy,"{""CIS03"": {""VSAV"": 1}, ""CIS05"": {""VSAV"": 1}, ""CIS08"": {""VSAV"": 1}, ""CIS09"": {""VSAV"": 1}, ""CIS10"": {""VSAV"": 1}, ""CIS17"": {""VSAV"": 1}, ""CIS19"": {""VSAV"": 1}, ""CIS22"": {""VSAV"": 1}, ""CIS23"": {""VSAV"": 1}}",3,9,21.873519702081353,0.1504951385023414,281.0,19.0,2026-10-08 15:48:52
C_greedy,"{""CIS05"": {""VSAV"": 1}, ""CIS08"": {""VSAV"": 1}, ""CIS09"": {""VSAV"": 1}, ""CIS10"": {""VSAV"": 1}, ""CIS17"": {""VSAV"": 1}, ""CIS19"": {""VSAV"": 1}, ""CIS22"": {""VSAV"": 1}, ""CIS23"": {""VSAV"": 1}, ""CIS25"": {""VSAV"": 1}}",3,9,21.82822458559386,0.15003250575870603,295.0,17.69180601295413,2026-10-08 15:48:55
C_greedy,"{""CIS05"": {""VSAV"": 1}, ""CIS08"": {""VSAV"": 1}, ""CIS09"": {""VSAV"": 1}, ""CIS10"": {""VSAV"": 1}, ""CIS17"": {""VSAV"": 1}, ""CIS19"": {""VSAV"": 1}, ""CIS22"": {""VSAV"": 1}, ""CIS23"": {""VSAV"": 2}}",3,9,21.68757295332519,0.19165978066185957,269.6666666666667,11.676186592091328,2026-10-08 15:48:57
C_greedy,"{""CIS01"": {""VSAV"": 1}, ""CIS05"": {""VSAV"": 1}, ""CIS08"": {""VSAV"": 1}, ""CIS09"": {""VSAV"": 1}, ""CIS10"": {""VSAV"": 1}, ""CIS17"": {""VSAV"": 1}, ""CIS19"": {""VSAV"": 1}, ""CIS22"": {""VSAV"": 1}, ""CIS23"": {""VSAV"": 1}}",3,9,21.666750797381976,0.24463299096434918,284.6666666666667,38.00438571182717,2026-10-08 15:49:00
C_greedy,"{""CIS05"": {""VSAV"": 1}, ""CIS07"": {""VSAV"": 1}, ""CIS08"": {""VSAV"": 1}, ""CIS09"": {""VSAV"": 1}, ""CIS10"": {""VSAV"": 1}, ""CIS17"": {""VSAV"": 1}, ""CIS19"": {""VSAV"": 1}, ""CIS22"": {""VSAV"": 1}, ""CIS23"": {""VSAV"": 1}}",3,9,21.77533883486176,0.2685002538833474,291.3333333333333,21.361959960016154,2026-10-08 15:49:03
C_greedy,"{""CIS01"": {""VSAV"": 1}, ""CIS04"": {""VSAV"": 1}, ""CIS05"": {""VSAV"": 1}, ""CIS08"": {""VSAV"": 1}, ""CIS09"": {""VSAV"": 1}, ""CIS10"": {""VSAV"": 1}, ""CIS17"": {""VSAV"": 1}, ""CIS19"": {""VSAV"": 1}, ""CIS22"": {""VSAV"": 1}, ""CIS23"": {""VSAV"": 1}}",3,10,22.01975742180269,0.2444681413260313,282.3333333333333,20.744477176668813,2026-10-08 15:49:05
C_greedy,"{""CIS01"": {""VSAV"": 1}, ""CIS05"": {""VSAV"": 1}, ""CIS08"": {""VSAV"": 1}, ""CIS09"": {""VSAV"": 1}, ""CIS10"": {""VSAV"": 1}, ""CIS13"": {""VSAV"": 1}, ""CIS17"": {""VSAV"": 1}, ""CIS19"": {""VSAV"": 1}, ""CIS22"": {""VSAV"": 1}, ""CIS23"": {""VSAV"": 1}}",3,10,21.73776640490445,0.08323190535696814,284.6666666666667,5.131601439446884,2026-10-08 15:49:08
C_greedy,"{""CIS01"": {""VSAV"": 1}, ""CIS02"": {""VSAV"": 1}, ""CIS05"": {""VSAV"": 1}, ""CIS08"": {""VSAV"": 1}, ""CIS09"": {""VSAV"": 1}, ""CIS10"": {""VSAV"": 1}, ""CIS17"": {""VSAV"": 1}, ""CIS19"": {""VSAV"": 1}, ""CIS22"": {""VSAV"": 1}, ""CIS23"": {""VSAV"": 1}}",3,10,21.65748054196011,0.1650977385897872,301.6666666666667,20.132891827388665,2026-10-08 15:49:11
C_greedy,"{""CIS01"": {""VSAV"": 1}, ""CIS05"": {""VSAV"": 1}, ""CIS08"": {""VSAV"": 1}, ""CIS09"": {""VSAV"": 1}, ""CIS10"": {""VSAV"": 1}, ""CIS17"": {""VSAV"": 1}, ""CIS19"": {""VSAV"": 1}, ""CIS22"": {""VSAV"": 2}, ""CIS23"": {""VSAV"": 1}}",3,10,21.706341409703608,0.19327213483604747,285.0,25.15949125081825,2026-10-08 15:49:13
C_greedy,"{""CIS01"": {""VSAV"": 1}, ""CIS05"": {""VSAV"": 1}, ""CIS08"": {""VSAV"": 1}, ""CIS09"": {""VSAV"": 1}, ""CIS10"": {""VSAV"": 1}, ""CIS17"": {""VSAV"": 1}, ""CIS19"": {""VSAV"": 2}, ""CIS22"": {""VSAV"": 1}, ""CIS23"": {""VSAV"": 1}}",3,10,21.814016609833445,0.11137543793608642,289.0,3.605551275463989,2026-10-08 15:49:16
C_greedy,"{""CIS01"": {""VSAV"": 1}, ""CIS02"": {""VSAV"": 1}, ""CIS05"": {""VSAV"": 1}, ""CIS08"": {""VSAV"": 1}, ""CIS09"": {""VSAV"": 1}, ""CIS10"": {""VSAV"": 1}, ""CIS17"": {""VSAV"": 1}, ""CIS19"": {""VSAV"": 1}, ""CIS22"": {""VSAV"": 1}, ""CIS23"": {""VSAV"": 1}, ""CIS27"": {""VSAV"": 1}}",3,11,21.467616237479046,0.038372510188759555,293.0,20.952326839756964,2026-10-08 15:49:19
C_greedy,"{""CIS01"": {""VSAV"": 1}, ""CIS02"": {""VSAV"": 1}, ""CIS05"": {""VSAV"": 1}, ""CIS06"": {""VSAV"": 1}, ""CIS08"": {""VSAV"": 1}, ""CIS09"": {""VSAV"": 1}, ""CIS10"": {""VSAV"": 1}, ""CIS17"": {""VSAV"": 1}, ""CIS19"": {""VSAV"": 1}, ""CIS22"": {""VSAV"": 1}, ""CIS23"": {""VSAV"": 1}}",3,11,21.699683689201382,0.19583319579501426,280.3333333333333,7.371114795831994,2026-10-08 15:49:21
C_greedy,"{""CIS01"": {""VSAV"": 1}, ""CIS02"": {""VSAV"": 1}, ""CIS05"": {""VSAV"": 1}, ""CIS08"": {""VSAV"": 1}, ""CIS09"": {""VSAV"": 1}, ""CIS10"": {""VSAV"": 1}, ""CIS17"": {""VSAV"": 2}, ""CIS19"": {""VSAV"": 1}, ""CIS22"": {""VSAV"": 1}, ""CIS23"": {""VSAV"": 1}}",3,11,21.60278619541205,0.18826369940646587,283.0,22.60530911091463,2026-10-08 15:49:24
C_greedy,"{""CIS01"": {""VSAV"": 1}, ""CIS02"": {""VSAV"": 1}, ""CIS05"": {""VSAV"": 1}, ""CIS08"": {""VSAV"": 1}, ""CIS09"": {""VSAV"": 1}, ""CIS10"": {""VSAV"": 1}, ""CIS11"": {""VSAV"": 1}, ""CIS17"": {""VSAV"": 1}, ""CIS19"": {""VSAV"": 1}, ""CIS22"": {""VSAV"": 1}, ""CIS23"": {""VSAV"": 1}}",3,11,21.440571570264478,0.27137455927798876,277.0,12.0,2026-10-08 15:49:27
C_greedy,"{""CIS01"": {""VSAV"": 1}, ""CIS02"": {""VSAV"": 1}, ""CIS05"": {""VSAV"": 1}, ""CIS08"": {""VSAV"": 1}, ""CIS09"": {""VSAV"": 1}, ""CIS10"": {""VSAV"": 1}, ""CIS17"": {""VSAV"": 1}, ""CIS19"": {""VSAV"": 1}, ""CIS21"": {""VSAV"": 1}, ""CIS22"": {""VSAV"": 1}, ""CIS23"": {""VSAV"": 1}}",3,11,21.708143145379054,0.33010137175532,263.3333333333333,22.81081614790083,2026-10-08 15:49:29
C_greedy,"{""CIS01"": {""VSAV"": 1}, ""CIS02"": {""VSAV"": 1}, ""CIS05"": {""VSAV"": 1}, ""CIS08"": {""VSAV"": 1}, ""CIS09"": {""VSAV"": 1}, ""CIS10"": {""VSAV"": 1}, ""CIS11"": {""VSAV"": 2}, ""CIS17"": {""VSAV"": 1}, ""CIS19"": {""VSAV"": 1}, ""CIS22"": {""VSAV"": 1}, ""CIS23"": {""VSAV"": 1}}",3,12,21.41586517803177,0.0980073480748492,287.3333333333333,11.846237095944574,2026-10-08 15:49:32
C_greedy,"{""CIS01"": {""VSAV"": 1}, ""CIS02"": {""VSAV"": 1}, ""CIS05"": {""VSAV"": 1}, ""CIS08"": {""VSAV"": 1}, ""CIS09"": {""VSAV"": 1}, ""CIS10"": {""VSAV"": 1}, ""CIS11"": {""VSAV"": 1}, ""CIS17"": {""VSAV"": 1}, ""CIS19"": {""VSAV"": 1}, ""CIS22"": {""VSAV"": 1}, ""CIS23"": {""VSAV"": 1}, ""CIS27"": {""VSAV"": 1}}",3,12,21.552983232183028,0.18435537321611825,279.0,19.157244060668017,2026-10-08 15:49:35
C_greedy,"{""CIS01"": {""VSAV"": 1}, ""CIS02"": {""VSAV"": 1}, ""CIS05"": {""VSAV"": 1}, ""CIS08"": {""VSAV"": 1}, ""CIS09"": {""VSAV"": 1}, ""CIS10"": {""VSAV"": 1}, ""CIS11"": {""VSAV"": 1}, ""CIS17"": {""VSAV"": 1}, ""CIS19"": {""VSAV"": 1}, ""CIS20"": {""VSAV"": 1}, ""CIS22"": {""VSAV"": 1}, ""CIS23"": {""VSAV"": 1}}",3,12,21.522963697180003,0.26745884416112997,277.6666666666667,18.876793513023692,2026-10-08 15:49:38
C_greedy,"{""CIS01"": {""VSAV"": 1}, ""CIS02"": {""VSAV"": 1}, ""CIS05"": {""VSAV"": 1}, ""CIS08"": {""VSAV"": 1}, ""CIS09"": {""VSAV"": 1}, ""CIS10"": {""VSAV"": 1}, ""CIS11"": {""VSAV"": 1}, ""CIS17"": {""VSAV"": 2}, ""CIS19"": {""VSAV"": 1}, ""CIS22"": {""VSAV"": 1}, ""CIS23"": {""VSAV"": 1}}",3,12,21.701324078380285,0.2895733555123383,285.3333333333333,16.258331197676263,2026-10-08 15:49:40
C_greedy,"{""CIS01"": {""VSAV"": 1}, ""CIS02"": {""VSAV"": 1}, ""CIS05"": {""VSAV"": 1}, ""CIS08"": {""VSAV"": 1}, ""CIS09"": {""VSAV"": 1}, ""CIS10"": {""VSAV"": 2}, ""CIS11"": {""VSAV"": 1}, ""CIS17"": {""VSAV"": 1}, ""CIS19"": {""VSAV"": 1}, ""CIS22"": {""VSAV"": 1}, ""CIS23"": {""VSAV"": 1}}",3,12,21.65424795969642,0.18969783277115623,284.6666666666667,14.0118997046558,2026-10-08 15:49:43
C_greedy,"{""CIS14"": {""FPT"": 1}}",3,1,25.78309798650754,0.31610888130473624,130.0,8.54400374531753,2026-10-08 15:49:46
C_greedy,"{""CIS25"": {""FPT"": 1}}",3,1,25.463851548232697,0.1873718642286531,144.0,21.79449471770337,2026-10-08 15:49:49
C_greedy,"{""CIS12"": {""FPT"": 1}}",3,1,25.690420160784083,0.15779155053244703,145.0,20.663978319771825,2026-10-08 15:49:51
C_greedy,"{""CIS24"": {""FPT"": 1}}",3,1,25.42448070857159,0.22727274115943857,145.66666666666666,10.016652800877813,2026-10-08 15:49:54
C_greedy,"{""CIS11"": {""FPT"": 1}}",3,1,25.653762693016443,0.14357435152858802,155.66666666666666,8.082903768654761,2026-10-08 15:49:57
C_greedy,"{""CIS14"": {""FPT"": 2}}",3,2,25.64435632346304,0.05641939195233114,54.666666666666664,9.29157324317757,2026-10-08 15:49:59
C_greedy,"{""CIS14"": {""FPT"": 1}, ""CIS25"": {""FPT"": 1}}",3,2,25.436935018724764,0.12930736753385375,65.0,7.54983443527075,2026-10-08 15:50:02
C_greedy,"{""CIS12"": {""FPT"": 1}, ""CIS14"": {""FPT"": 1}}",3,2,25.723869826225563,0.40328845361624394,68.33333333333333,6.6583281184793925,2026-10-08 15:50:06
C_greedy,"{""CIS14"": {""FPT"": 1}, ""CIS24"": {""FPT"": 1}}",3,2,25.581034014142244,0.27321377817328774,70.33333333333333,12.220201853215574,2026-10-08 15:50:09
C_greedy,"{""CIS09"": {""FPT"": 1}, ""CIS14"": {""FPT"": 1}}",3,2,25.84619095079203,0.12571574116524947,66.66666666666667,7.023769168568492,2026-10-08 15:50:12
C_greedy,"{""CIS14"": {""FPT"": 2}, ""CIS30"": {""FPT"": 1}}",3,3,25.62502950316654,0.04273069653843317,36.0,7.0,2026-10-08 15:50:14
C_greedy,"{""CIS11"": {""FPT"": 1}, ""CIS14"": {""FPT"": 2}}",3,3,25.665624658474794,0.1818896407854312,36.0,2.6457513110645907,2026-10-08 15:50:17
C_greedy,"{""CIS14"": {""FPT"": 2}, ""CIS18"": {""FPT"": 1}}",3,3,25.727157379585943,0.3281604029519239,32.0,15.716233645501712,2026-10-08 15:50:20
C_greedy,"{""CIS05"": {""FPT"": 1}, ""CIS14"": {""FPT"": 2}}",3,3,25.717261994429048,0.20900505287765828,37.0,7.54983443527075,2026-10-08 15:50:23
C_greedy,"{""CIS14"": {""FPT"": 3}}",3,3,25.82788733645575,0.18735858253294624,40.0,8.888194417315589,2026-10-08 15:50:26
C_greedy,"{""CIS03"": {""FPT"": 1}, ""CIS14"": {""FPT"": 2}, ""CIS18"": {""FPT"": 1}}",3,4,25.512957227916928,0.10402210508320522,28.0,2.6457513110645907,2026-10-08 15:50:27
C_greedy,"{""CIS14"": {""FPT"": 2}, ""CIS18"": {""FPT"": 1}, ""CIS25"": {""FPT"": 1}}",3,4,25.527397660226182,0.10061557698499378,24.0,10.535653752852738,2026-10-08 15:50:29
C_greedy,"{""CIS14"": {""FPT"": 2}, ""CIS18"": {""FPT"": 1}, ""CIS28"": {""FPT"": 1}}",3,4,25.462254231359125,0.13470964756514187,19.333333333333332,3.5118845842842465,2026-10-08 15:50:30
C_greedy,"{""CIS09"": {""FPT"": 1}, ""CIS14"": {""FPT"": 2}, ""CIS18"": {""FPT"": 1}}",3,4,25.87020896768296,0.20664480084065576,19.0,5.5677643628300215,2026-10-08 15:50:32
C_greedy,"{""CIS14"": {""FPT"": 2}, ""CIS18"": {""FPT"": 1}, ""CIS22"": {""FPT"": 1}}",3,4,25.606232440037047,0.3372334682417208,14.333333333333334,3.7859388972001824,2026-10-08 15:50:34
C_greedy,"{""CIS12"": {""FPT"": 1}, ""CIS14"": {""FPT"": 2}, ""CIS18"": {""FPT"": 1}, ""CIS22"": {""FPT"": 1}}",3,5,25.55318525142502,0.18395235359610262,15.0,2.6457513110645907,2026-10-08 15:50:35
C_greedy,"{""CIS14"": {""FPT"": 2}, ""CIS18"": {""FPT"": 1}, ""CIS22"": {""FPT"": 1}, ""CIS24"": {""FPT"": 1}}",3,5,25.691987013783844,0.2703784483815682,9.0,2.6457513110645907,2026-10-08 15:50:38
C_greedy,"{""CIS14"": {""FPT"": 2}, ""CIS18"": {""FPT"": 1}, ""CIS21"": {""FPT"": 1}, ""CIS22"": {""FPT"": 1}}",3,5,25.418665947377548,0.10186491169185806,13.0,5.5677643628300215,2026-10-08 15:50:42
C_greedy,"{""CIS14"": {""FPT"": 2}, ""CIS16"": {""FPT"": 1}, ""CIS18"": {""FPT"": 1}, ""CIS22"": {""FPT"": 1}}",3,5,25.925544907559622,0.2641442289262962,9.0,1.0,2026-10-08 15:50:47
C_greedy,"{""CIS08"": {""FPT"": 1}, ""CIS14"": {""FPT"": 2}, ""CIS18"": {""FPT"": 1}, ""CIS22"": {""FPT"": 1}}",3,5,25.673587279471878,0.2986477469467581,12.0,5.291502622129181,2026-10-08 15:50:53
D_confirm,"{""CIS10"": {""VSAV"": 1}}",10,1,24.894094210482947,0.2889248071649513,296.5,15.806116959371563,2026-10-08 15:51:03
D_confirm,"{""CIS08"": {""VSAV"": 1}, ""CIS10"": {""VSAV"": 1}}",10,2,24.29943629649949,0.1782508456483371,294.1,16.49545391918634,2026-10-08 15:51:09
D_confirm,"{""CIS08"": {""VSAV"": 1}, ""CIS10"": {""VSAV"": 1}, ""CIS23"": {""VSAV"": 1}}",10,3,23.87224887954178,0.1436933256878969,287.4,22.071600656852137,2026-10-08 15:51:15
D_confirm,"{""CIS08"": {""VSAV"": 1}, ""CIS10"": {""VSAV"": 1}, ""CIS22"": {""VSAV"": 1}, ""CIS23"": {""VSAV"": 1}}",10,4,23.23860409240391,0.1681893247696625,284.6,23.00821109468917,2026-10-08 15:51:24
D_confirm,"{""CIS08"": {""VSAV"": 1}, ""CIS09"": {""VSAV"": 1}, ""CIS10"": {""VSAV"": 1}, ""CIS22"": {""VSAV"": 1}, ""CIS23"": {""VSAV"": 1}}",10,5,22.8559492653362,0.18148646882108616,299.2,28.03886192015963,2026-10-08 15:51:33
D_confirm,"{""CIS08"": {""VSAV"": 1}, ""CIS09"": {""VSAV"": 1}, ""CIS10"": {""VSAV"": 1}, ""CIS19"": {""VSAV"": 1}, ""CIS22"": {""VSAV"": 1}, ""CIS23"": {""VSAV"": 1}}",10,6,22.640019015457955,0.1255556030905505,278.2,20.44939553575552,2026-10-08 15:51:41
D_confirm,"{""CIS05"": {""VSAV"": 1}, ""CIS08"": {""VSAV"": 1}, ""CIS09"": {""VSAV"": 1}, ""CIS10"": {""VSAV"": 1}, ""CIS19"": {""VSAV"": 1}, ""CIS22"": {""VSAV"": 1}, ""CIS23"": {""VSAV"": 1}}",10,7,22.137749407628156,0.24339552575248533,292.5,20.040237301766442,2026-10-08 15:51:51
D_confirm,"{""CIS05"": {""VSAV"": 1}, ""CIS08"": {""VSAV"": 1}, ""CIS09"": {""VSAV"": 1}, ""CIS10"": {""VSAV"": 1}, ""CIS17"": {""VSAV"": 1}, ""CIS19"": {""VSAV"": 1}, ""CIS22"": {""VSAV"": 1}, ""CIS23"": {""VSAV"": 1}}",10,8,21.941926145332115,0.10285674403748435,280.8,15.569200364822851,2026-10-08 15:52:00
D_confirm,"{""CIS01"": {""VSAV"": 1}, ""CIS05"": {""VSAV"": 1}, ""CIS08"": {""VSAV"": 1}, ""CIS09"": {""VSAV"": 1}, ""CIS10"": {""VSAV"": 1}, ""CIS17"": {""VSAV"": 1}, ""CIS19"": {""VSAV"": 1}, ""CIS22"": {""VSAV"": 1}, ""CIS23"": {""VSAV"": 1}}",10,9,21.790255963180684,0.147496985336401,290.1,16.54925308821452,2026-10-08 15:52:09
D_confirm,"{""CIS01"": {""VSAV"": 1}, ""CIS02"": {""VSAV"": 1}, ""CIS05"": {""VSAV"": 1}, ""CIS08"": {""VSAV"": 1}, ""CIS09"": {""VSAV"": 1}, ""CIS10"": {""VSAV"": 1}, ""CIS17"": {""VSAV"": 1}, ""CIS19"": {""VSAV"": 1}, ""CIS22"": {""VSAV"": 1}, ""CIS23"": {""VSAV"": 1}}",10,10,21.718503239166825,0.19363408420456032,287.8,13.942740046346701,2026-10-08 15:52:16
D_confirm,"{""CIS01"": {""VSAV"": 1}, ""CIS02"": {""VSAV"": 1}, ""CIS05"": {""VSAV"": 1}, ""CIS08"": {""VSAV"": 1}, ""CIS09"": {""VSAV"": 1}, ""CIS10"": {""VSAV"": 1}, ""CIS11"": {""VSAV"": 1}, ""CIS17"": {""VSAV"": 1}, ""CIS19"": {""VSAV"": 1}, ""CIS22"": {""VSAV"": 1}, ""CIS23"": {""VSAV"": 1}}",10,11,21.625952818865777,0.19286918077824683,290.3,21.161022869627285,2026-10-08 15:52:21
D_confirm,"{""CIS01"": {""VSAV"": 1}, ""CIS02"": {""VSAV"": 1}, ""CIS05"": {""VSAV"": 1}, ""CIS08"": {""VSAV"": 1}, ""CIS09"": {""VSAV"": 1}, ""CIS10"": {""VSAV"": 1}, ""CIS11"": {""VSAV"": 2}, ""CIS17"": {""VSAV"": 1}, ""CIS19"": {""VSAV"": 1}, ""CIS22"": {""VSAV"": 1}, ""CIS23"": {""VSAV"": 1}}",10,12,21.67227292463835,0.2205905824454723,291.5,26.395496248834235,2026-10-08 15:52:29
D_confirm,"{""CIS14"": {""FPT"": 1}}",10,1,25.516417179692425,0.30553260546419403,119.2,9.402127418834526,2026-10-08 15:52:38
D_confirm,"{""CIS14"": {""FPT"": 2}}",10,2,25.56990827953028,0.16227076496121812,57.3,7.746683878351505,2026-10-08 15:52:46
D_confirm,"{""CIS14"": {""FPT"": 2}, ""CIS18"": {""FPT"": 1}}",10,3,25.632270659902712,0.20491318522251456,36.5,5.7397251192408545,2026-10-08 15:52:55
D_confirm,"{""CIS14"": {""FPT"": 2}, ""CIS18"": {""FPT"": 1}, ""CIS22"": {""FPT"": 1}}",10,4,25.56747662900998,0.17873910330100012,18.9,3.4785054261852175,2026-10-08 15:53:02
D_confirm,"{""CIS14"": {""FPT"": 2}, ""CIS18"": {""FPT"": 1}, ""CIS22"": {""FPT"": 1}, ""CIS24"": {""FPT"": 1}}",10,5,25.57666398718522,0.24807868021926832,16.7,3.3015148038438356,2026-10-08 15:53:10
C_greedy,"{""CIS14"": {""FPT"": 2}, ""CIS18"": {""FPT"": 1}, ""CIS20"": {""FPT"": 1}, ""CIS22"": {""FPT"": 1}, ""CIS24"": {""FPT"": 1}}",3,6,25.287459963094438,0.25395349596873273,11.333333333333334,4.041451884327381,2026-10-08 15:54:39
C_greedy,"{""CIS13"": {""FPT"": 1}, ""CIS14"": {""FPT"": 2}, ""CIS18"": {""FPT"": 1}, ""CIS22"": {""FPT"": 1}, ""CIS24"": {""FPT"": 1}}",3,6,25.616615125246852,0.24817176559534973,14.0,1.7320508075688772,2026-10-08 15:54:41
C_greedy,"{""CIS02"": {""FPT"": 1}, ""CIS14"": {""FPT"": 2}, ""CIS18"": {""FPT"": 1}, ""CIS22"": {""FPT"": 1}, ""CIS24"": {""FPT"": 1}}",3,6,25.544480665730713,0.08845468661659235,14.333333333333334,1.1547005383792517,2026-10-08 15:54:44
C_greedy,"{""CIS07"": {""FPT"": 1}, ""CIS14"": {""FPT"": 2}, ""CIS18"": {""FPT"": 1}, ""CIS22"": {""FPT"": 1}, ""CIS24"": {""FPT"": 1}}",3,6,25.554410587312315,0.3008276793808206,11.333333333333334,8.386497083606082,2026-10-08 15:54:46
C_greedy,"{""CIS14"": {""FPT"": 2}, ""CIS18"": {""FPT"": 2}, ""CIS22"": {""FPT"": 1}, ""CIS24"": {""FPT"": 1}}",3,6,25.56538873268292,0.2786338268086868,12.0,3.0,2026-10-08 15:54:48
C_greedy,"{""CIS11"": {""FPT"": 1}, ""CIS14"": {""FPT"": 2}, ""CIS18"": {""FPT"": 1}, ""CIS20"": {""FPT"": 1}, ""CIS22"": {""FPT"": 1}, ""CIS24"": {""FPT"": 1}}",3,7,25.445084102977614,0.23289682149437008,7.0,3.0,2026-10-08 15:54:50
C_greedy,"{""CIS14"": {""FPT"": 2}, ""CIS18"": {""FPT"": 1}, ""CIS20"": {""FPT"": 1}, ""CIS22"": {""FPT"": 1}, ""CIS24"": {""FPT"": 1}, ""CIS30"": {""FPT"": 1}}",3,7,25.599977823079826,0.1408566111363301,10.0,5.291502622129181,2026-10-08 15:54:52
C_greedy,"{""CIS14"": {""FPT"": 2}, ""CIS18"": {""FPT"": 1}, ""CIS20"": {""FPT"": 1}, ""CIS22"": {""FPT"": 2}, ""CIS24"": {""FPT"": 1}}",3,7,25.696208072591503,0.21477307991387934,6.333333333333333,4.932882862316247,2026-10-08 15:54:55
C_greedy,"{""CIS05"": {""FPT"": 1}, ""CIS14"": {""FPT"": 2}, ""CIS18"": {""FPT"": 1}, ""CIS20"": {""FPT"": 1}, ""CIS22"": {""FPT"": 1}, ""CIS24"": {""FPT"": 1}}",3,7,25.340593164364577,0.18115797295581146,8.666666666666666,3.055050463303893,2026-10-08 15:54:57
C_greedy,"{""CIS14"": {""FPT"": 2}, ""CIS18"": {""FPT"": 1}, ""CIS20"": {""FPT"": 1}, ""CIS22"": {""FPT"": 1}, ""CIS24"": {""FPT"": 1}, ""CIS27"": {""FPT"": 1}}",3,7,25.585046500352234,0.18186055336724075,8.333333333333334,0.5773502691896257,2026-10-08 15:54:59
C_greedy,"{""CIS14"": {""FPT"": 3}, ""CIS18"": {""FPT"": 1}, ""CIS20"": {""FPT"": 1}, ""CIS22"": {""FPT"": 2}, ""CIS24"": {""FPT"": 1}}",3,8,25.857449951713605,0.2807622435539303,6.0,1.7320508075688772,2026-10-08 15:55:01
C_greedy,"{""CIS14"": {""FPT"": 2}, ""CIS17"": {""FPT"": 1}, ""CIS18"": {""FPT"": 1}, ""CIS20"": {""FPT"": 1}, ""CIS22"": {""FPT"": 2}, ""CIS24"": {""FPT"": 1}}",3,8,25.518613956137173,0.14379914249621797,6.0,2.0,2026-10-08 15:55:04
C_greedy,"{""CIS09"": {""FPT"": 1}, ""CIS14"": {""FPT"": 2}, ""CIS18"": {""FPT"": 1}, ""CIS20"": {""FPT"": 1}, ""CIS22"": {""FPT"": 2}, ""CIS24"": {""FPT"": 1}}",3,8,25.598954878370694,0.20658738661774623,9.0,4.58257569495584,2026-10-08 15:55:06
C_greedy,"{""CIS14"": {""FPT"": 2}, ""CIS18"": {""FPT"": 1}, ""CIS20"": {""FPT"": 1}, ""CIS22"": {""FPT"": 2}, ""CIS24"": {""FPT"": 1}, ""CIS28"": {""FPT"": 1}}",3,8,25.702926445946407,0.005791013142253673,6.0,2.6457513110645907,2026-10-08 15:55:09
C_greedy,"{""CIS10"": {""FPT"": 1}, ""CIS14"": {""FPT"": 2}, ""CIS18"": {""FPT"": 1}, ""CIS20"": {""FPT"": 1}, ""CIS22"": {""FPT"": 2}, ""CIS24"": {""FPT"": 1}}",3,8,25.520571765563005,0.3150853278401714,5.333333333333333,3.055050463303893,2026-10-08 15:55:12
C_greedy,"{""CIS10"": {""FPT"": 1}, ""CIS14"": {""FPT"": 2}, ""CIS18"": {""FPT"": 1}, ""CIS20"": {""FPT"": 1}, ""CIS22"": {""FPT"": 2}, ""CIS24"": {""FPT"": 1}, ""CIS29"": {""FPT"": 1}}",3,9,25.630232633632232,0.2470182560745061,6.333333333333333,2.0816659994661326,2026-10-08 15:55:15
C_greedy,"{""CIS10"": {""FPT"": 1}, ""CIS14"": {""FPT"": 2}, ""CIS15"": {""FPT"": 1}, ""CIS18"": {""FPT"": 1}, ""CIS20"": {""FPT"": 1}, ""CIS22"": {""FPT"": 2}, ""CIS24"": {""FPT"": 1}}",3,9,25.508934508581177,0.2939445462953212,2.6666666666666665,2.5166114784235836,2026-10-08 15:55:18
C_greedy,"{""CIS10"": {""FPT"": 1}, ""CIS14"": {""FPT"": 2}, ""CIS18"": {""FPT"": 1}, ""CIS19"": {""FPT"": 1}, ""CIS20"": {""FPT"": 1}, ""CIS22"": {""FPT"": 2}, ""CIS24"": {""FPT"": 1}}",3,9,25.601298478761848,0.205299844561848,2.6666666666666665,1.1547005383792515,2026-10-08 15:55:21
C_greedy,"{""CIS10"": {""FPT"": 1}, ""CIS14"": {""FPT"": 2}, ""CIS18"": {""FPT"": 1}, ""CIS20"": {""FPT"": 1}, ""CIS22"": {""FPT"": 2}, ""CIS24"": {""FPT"": 1}, ""CIS25"": {""FPT"": 1}}",3,9,25.598638280096452,0.33734364848824366,2.3333333333333335,0.5773502691896258,2026-10-08 15:55:23
C_greedy,"{""CIS06"": {""FPT"": 1}, ""CIS10"": {""FPT"": 1}, ""CIS14"": {""FPT"": 2}, ""CIS18"": {""FPT"": 1}, ""CIS20"": {""FPT"": 1}, ""CIS22"": {""FPT"": 2}, ""CIS24"": {""FPT"": 1}}",3,9,25.49299250615277,0.31174759278395775,2.6666666666666665,0.5773502691896258,2026-10-08 15:55:26
C_greedy,"{""CIS10"": {""FPT"": 1}, ""CIS14"": {""FPT"": 2}, ""CIS16"": {""FPT"": 1}, ""CIS18"": {""FPT"": 1}, ""CIS20"": {""FPT"": 1}, ""CIS22"": {""FPT"": 2}, ""CIS24"": {""FPT"": 1}, ""CIS25"": {""FPT"": 1}}",3,10,25.485100503737527,0.2514364390965245,1.3333333333333333,1.5275252316519465,2026-10-08 15:55:30
C_greedy,"{""CIS10"": {""FPT"": 1}, ""CIS14"": {""FPT"": 2}, ""CIS18"": {""FPT"": 1}, ""CIS20"": {""FPT"": 1}, ""CIS22"": {""FPT"": 2}, ""CIS24"": {""FPT"": 2}, ""CIS25"": {""FPT"": 1}}",3,10,25.587586723213715,0.14317900635273245,2.3333333333333335,1.5275252316519468,2026-10-08 15:55:36
C_greedy,"{""CIS10"": {""FPT"": 1}, ""CIS14"": {""FPT"": 2}, ""CIS18"": {""FPT"": 1}, ""CIS20"": {""FPT"": 1}, ""CIS22"": {""FPT"": 3}, ""CIS24"": {""FPT"": 1}, ""CIS25"": {""FPT"": 1}}",3,10,25.61725914519145,0.16596927047613919,2.6666666666666665,3.0550504633038935,2026-10-08 15:55:40
C_greedy,"{""CIS10"": {""FPT"": 1}, ""CIS11"": {""FPT"": 1}, ""CIS14"": {""FPT"": 2}, ""CIS18"": {""FPT"": 1}, ""CIS20"": {""FPT"": 1}, ""CIS22"": {""FPT"": 2}, ""CIS24"": {""FPT"": 1}, ""CIS25"": {""FPT"": 1}}",3,10,25.73530347623498,0.0550246740267153,3.0,2.6457513110645907,2026-10-08 15:55:45
C_greedy,"{""CIS03"": {""FPT"": 1}, ""CIS10"": {""FPT"": 1}, ""CIS14"": {""FPT"": 2}, ""CIS18"": {""FPT"": 1}, ""CIS20"": {""FPT"": 1}, ""CIS22"": {""FPT"": 2}, ""CIS24"": {""FPT"": 1}, ""CIS25"": {""FPT"": 1}}",3,10,25.79942612067971,0.15187647085989503,4.0,1.0,2026-10-08 15:55:48
C_greedy,"{""CIS10"": {""FPT"": 1}, ""CIS14"": {""FPT"": 2}, ""CIS16"": {""FPT"": 1}, ""CIS18"": {""FPT"": 1}, ""CIS20"": {""FPT"": 1}, ""CIS22"": {""FPT"": 2}, ""CIS24"": {""FPT"": 1}, ""CIS25"": {""FPT"": 1}, ""CIS27"": {""FPT"": 1}}",3,11,25.448080788536753,0.14502449070281448,0.6666666666666666,0.5773502691896258,2026-10-08 15:55:51
C_greedy,"{""CIS10"": {""FPT"": 1}, ""CIS14"": {""FPT"": 2}, ""CIS16"": {""FPT"": 1}, ""CIS18"": {""FPT"": 1}, ""CIS20"": {""FPT"": 1}, ""CIS22"": {""FPT"": 2}, ""CIS24"": {""FPT"": 1}, ""CIS25"": {""FPT"": 2}}",3,11,25.592801657800262,0.1602918642959695,1.3333333333333333,0.5773502691896257,2026-10-08 15:55:54
C_greedy,"{""CIS01"": {""FPT"": 1}, ""CIS10"": {""FPT"": 1}, ""CIS14"": {""FPT"": 2}, ""CIS16"": {""FPT"": 1}, ""CIS18"": {""FPT"": 1}, ""CIS20"": {""FPT"": 1}, ""CIS22"": {""FPT"": 2}, ""CIS24"": {""FPT"": 1}, ""CIS25"": {""FPT"": 1}}",3,11,25.74638297535132,0.07975494199536015,0.3333333333333333,0.5773502691896258,2026-10-08 15:55:56
C_greedy,"{""CIS05"": {""FPT"": 1}, ""CIS10"": {""FPT"": 1}, ""CIS14"": {""FPT"": 2}, ""CIS16"": {""FPT"": 1}, ""CIS18"": {""FPT"": 1}, ""CIS20"": {""FPT"": 1}, ""CIS22"": {""FPT"": 2}, ""CIS24"": {""FPT"": 1}, ""CIS25"": {""FPT"": 1}}",3,11,25.574720596154418,0.18985661173152457,2.0,1.7320508075688772,2026-10-08 15:55:58
C_greedy,"{""CIS06"": {""FPT"": 1}, ""CIS10"": {""FPT"": 1}, ""CIS14"": {""FPT"": 2}, ""CIS16"": {""FPT"": 1}, ""CIS18"": {""FPT"": 1}, ""CIS20"": {""FPT"": 1}, ""CIS22"": {""FPT"": 2}, ""CIS24"": {""FPT"": 1}, ""CIS25"": {""FPT"": 1}}",3,11,25.387269014413572,0.10259531518356042,0.3333333333333333,0.5773502691896258,2026-10-08 15:56:01
C_greedy,"{""CIS01"": {""FPT"": 1}, ""CIS10"": {""FPT"": 1}, ""CIS14"": {""FPT"": 2}, ""CIS15"": {""FPT"": 1}, ""CIS16"": {""FPT"": 1}, ""CIS18"": {""FPT"": 1}, ""CIS20"": {""FPT"": 1}, ""CIS22"": {""FPT"": 2}, ""CIS24"": {""FPT"": 1}, ""CIS25"": {""FPT"": 1}}",3,12,25.72569939811947,0.14388457902806961,0.0,0.0,2026-10-08 15:56:04
C_greedy,"{""CIS01"": {""FPT"": 1}, ""CIS10"": {""FPT"": 1}, ""CIS14"": {""FPT"": 2}, ""CIS16"": {""FPT"": 1}, ""CIS18"": {""FPT"": 1}, ""CIS19"": {""FPT"": 1}, ""CIS20"": {""FPT"": 1}, ""CIS22"": {""FPT"": 2}, ""CIS24"": {""FPT"": 1}, ""CIS25"": {""FPT"": 1}}",3,12,25.47037486351377,0.24266275448930635,0.3333333333333333,0.5773502691896258,2026-10-08 15:56:07
C_greedy,"{""CIS01"": {""FPT"": 1}, ""CIS08"": {""FPT"": 1}, ""CIS10"": {""FPT"": 1}, ""CIS14"": {""FPT"": 2}, ""CIS16"": {""FPT"": 1}, ""CIS18"": {""FPT"": 1}, ""CIS20"": {""FPT"": 1}, ""CIS22"": {""FPT"": 2}, ""CIS24"": {""FPT"": 1}, ""CIS25"": {""FPT"": 1}}",3,12,25.49446781403385,0.11845595142247471,1.3333333333333333,1.1547005383792517,2026-10-08 15:56:10
C_greedy,"{""CIS01"": {""FPT"": 1}, ""CIS10"": {""FPT"": 1}, ""CIS14"": {""FPT"": 2}, ""CIS16"": {""FPT"": 1}, ""CIS18"": {""FPT"": 1}, ""CIS20"": {""FPT"": 1}, ""CIS21"": {""FPT"": 1}, ""CIS22"": {""FPT"": 2}, ""CIS24"": {""FPT"": 1}, ""CIS25"": {""FPT"": 1}}",3,12,25.79518153320412,0.0920277369273572,0.6666666666666666,0.5773502691896258,2026-10-08 15:56:13
C_greedy,"{""CIS01"": {""FPT"": 1}, ""CIS10"": {""FPT"": 1}, ""CIS14"": {""FPT"": 2}, ""CIS16"": {""FPT"": 1}, ""CIS18"": {""FPT"": 1}, ""CIS20"": {""FPT"": 1}, ""CIS22"": {""FPT"": 2}, ""CIS24"": {""FPT"": 1}, ""CIS25"": {""FPT"": 1}, ""CIS30"": {""FPT"": 1}}",3,12,25.40998859978862,0.17963298408063985,0.6666666666666666,1.1547005383792517,2026-10-08 15:56:16
D_confirm,"{""CIS14"": {""FPT"": 2}, ""CIS18"": {""FPT"": 1}, ""CIS20"": {""FPT"": 1}, ""CIS22"": {""FPT"": 1}, ""CIS24"": {""FPT"": 1}}",10,6,25.58733877691601,0.22763453444499465,11.9,4.433458644845529,2026-10-08 15:56:26
D_confirm,"{""CIS14"": {""FPT"": 2}, ""CIS18"": {""FPT"": 1}, ""CIS20"": {""FPT"": 1}, ""CIS22"": {""FPT"": 2}, ""CIS24"": {""FPT"": 1}}",10,7,25.524929862805173,0.20798058996237725,7.4,3.470510689285432,2026-10-08 15:56:34
D_confirm,"{""CIS10"": {""FPT"": 1}, ""CIS14"": {""FPT"": 2}, ""CIS18"": {""FPT"": 1}, ""CIS20"": {""FPT"": 1}, ""CIS22"": {""FPT"": 2}, ""CIS24"": {""FPT"": 1}}",10,8,25.554770306244812,0.14209854060922156,4.9,2.6436506745197805,2026-10-08 15:56:39
D_confirm,"{""CIS10"": {""FPT"": 1}, ""CIS14"": {""FPT"": 2}, ""CIS18"": {""FPT"": 1}, ""CIS20"": {""FPT"": 1}, ""CIS22"": {""FPT"": 2}, ""CIS24"": {""FPT"": 1}, ""CIS25"": {""FPT"": 1}}",10,9,25.524962424563203,0.2444052248650721,2.9,2.1317702607092643,2026-10-08 15:56:44
D_confirm,"{""CIS10"": {""FPT"": 1}, ""CIS14"": {""FPT"": 2}, ""CIS16"": {""FPT"": 1}, ""CIS18"": {""FPT"": 1}, ""CIS20"": {""FPT"": 1}, ""CIS22"": {""FPT"": 2}, ""CIS24"": {""FPT"": 1}, ""CIS25"": {""FPT"": 1}}",10,10,25.637500196407093,0.21033571319147648,2.8,2.2010098692292237,2026-10-08 15:56:54
D_confirm,"{""CIS01"": {""FPT"": 1}, ""CIS10"": {""FPT"": 1}, ""CIS14"": {""FPT"": 2}, ""CIS16"": {""FPT"": 1}, ""CIS18"": {""FPT"": 1}, ""CIS20"": {""FPT"": 1}, ""CIS22"": {""FPT"": 2}, ""CIS24"": {""FPT"": 1}, ""CIS25"": {""FPT"": 1}}",10,11,25.621114752484743,0.1780040263068776,0.9,0.7378647873726218,2026-10-08 15:57:03
D_confirm,"{""CIS01"": {""FPT"": 1}, ""CIS10"": {""FPT"": 1}, ""CIS14"": {""FPT"": 2}, ""CIS15"": {""FPT"": 1}, ""CIS16"": {""FPT"": 1}, ""CIS18"": {""FPT"": 1}, ""CIS20"": {""FPT"": 1}, ""CIS22"": {""FPT"": 2}, ""CIS24"": {""FPT"": 1}, ""CIS25"": {""FPT"": 1}}",10,12,25.53839486255496,0.20601094869365794,0.0,0.0,2026-10-08 15:57:12
E_joint,"{""CIS14"": {""FPT"": 2}}",20,2,25.627381806378093,0.18918840322626218,59.05,9.185085164204207,2026-10-08 16:00:47
E_joint,"{""CIS14"": {""FPT"": 2}, ""CIS18"": {""FPT"": 1}, ""CIS22"": {""FPT"": 1}}",20,4,25.610827275547887,0.2108904991914265,18.9,5.775629380149154,2026-10-08 16:01:02
E_joint,"{""CIS08"": {""VSAV"": 1}, ""CIS10"": {""VSAV"": 1}, ""CIS14"": {""FPT"": 2}, ""CIS18"": {""FPT"": 1}, ""CIS22"": {""FPT"": 1, ""VSAV"": 1}, ""CIS23"": {""VSAV"": 1}}",20,8,23.166888755285132,0.1426676841763483,18.65,4.51051403302387,2026-10-08 16:01:16
E_joint,"{""CIS05"": {""VSAV"": 1}, ""CIS08"": {""VSAV"": 1}, ""CIS09"": {""VSAV"": 1}, ""CIS10"": {""VSAV"": 1}, ""CIS14"": {""FPT"": 2}, ""CIS17"": {""VSAV"": 1}, ""CIS18"": {""FPT"": 1}, ""CIS19"": {""VSAV"": 1}, ""CIS22"": {""FPT"": 1, ""VSAV"": 1}, ""CIS23"": {""VSAV"": 1}}",20,12,21.959077575757313,0.18574218283120975,19.15,4.826189517948699,2026-10-08 16:01:34
